{
  "metrics": {
    "classification_report": {
      "Bills": {
        "precision": 1.0,
        "recall": 1.0,
        "f1-score": 1.0,
        "support": 17.0
      },
      "Dining": {
        "precision": 0.9444444444444444,
        "recall": 1.0,
        "f1-score": 0.9714285714285714,
        "support": 17.0
      },
      "Entertainment": {
        "precision": 1.0,
        "recall": 0.7777777777777778,
        "f1-score": 0.875,
        "support": 18.0
      },
      "Fuel": {
        "precision": 1.0,
        "recall": 1.0,
        "f1-score": 1.0,
        "support": 18.0
      },
      "Groceries": {
        "precision": 1.0,
        "recall": 0.9473684210526315,
        "f1-score": 0.972972972972973,
        "support": 19.0
      },
      "Shopping": {
        "precision": 0.8636363636363636,
        "recall": 1.0,
        "f1-score": 0.926829268292683,
        "support": 19.0
      },
      "Travel": {
        "precision": 0.9411764705882353,
        "recall": 1.0,
        "f1-score": 0.9696969696969697,
        "support": 16.0
      },
      "accuracy": 0.9596774193548387,
      "macro avg": {
        "precision": 0.9641796112384348,
        "recall": 0.9607351712614871,
        "f1-score": 0.9594182546273139,
        "support": 124.0
      },
      "weighted avg": {
        "precision": 0.9638989515649857,
        "recall": 0.9596774193548387,
        "f1-score": 0.9586748372055216,
        "support": 124.0
      }
    },
    "classes": [
      "Bills",
      "Dining",
      "Entertainment",
      "Fuel",
      "Groceries",
      "Shopping",
      "Travel"
    ]
  },
  "performance": {
    "avg_latency_ms": 0.12278556823730469,
    "throughput_predictions_per_sec": 8191.870969774292,
    "batch_inference_time_ms": 0.518798828125,
    "num_samples": 124
  },
  "robustness": {
    "num_samples": 40,
    "robustness_score": 0.975,
    "mismatch_rate": 0.025,
    "samples": [
      {
        "original": "INDIANOIL PUMP - BLR",
        "noisy": "INIDANOIL PUMP - BLR",
        "clean_prediction": "Fuel",
        "noisy_prediction": "Fuel",
        "clean_conf": 0.6598615834517547,
        "noisy_conf": 0.5047897671315469,
        "confidence_drop": 0.15507181632020783,
        "same_class": true
      },
      {
        "original": "#88324 HPCL PETROL PUMP UPI",
        "noisy": "#88324   HPCL   PETROL   PUMP   UPI",
        "clean_prediction": "Fuel",
        "noisy_prediction": "Fuel",
        "clean_conf": 0.771758487817263,
        "noisy_conf": 0.771758487817263,
        "confidence_drop": 0.0,
        "same_class": true
      },
      {
        "original": "BESCOM ELECTRICITY @OKICICI",
        "noisy": "$$ BESCOM ELECTRICITY @OKICICI",
        "clean_prediction": "Bills",
        "noisy_prediction": "Bills",
        "clean_conf": 0.6737924392630411,
        "noisy_conf": 0.6106643585886093,
        "confidence_drop": 0.06312808067443176,
        "same_class": true
      },
      {
        "original": "99.00 Rs AIRTEL POSTPAID PAYMENT",
        "noisy": "$$ 99.00 Rs AIRTEL POSTPAID PAYMENT",
        "clean_prediction": "Bills",
        "noisy_prediction": "Bills",
        "clean_conf": 0.4967636447431136,
        "noisy_conf": 0.7536924293350614,
        "confidence_drop": -0.25692878459194785,
        "same_class": true
      },
      {
        "original": "ACT BROADBAND",
        "noisy": "ACT   BROADBAND",
        "clean_prediction": "Bills",
        "noisy_prediction": "Bills",
        "clean_conf": 0.6745371794120633,
        "noisy_conf": 0.6745371794120633,
        "confidence_drop": 0.0,
        "same_class": true
      },
      {
        "original": "ATM Wdl Chgs 15-Nov-25 at STAR BAZAR A/C #00123",
        "noisy": "$$ ATM Wdl Chgs 15-Nov-25 at STAR BAZAR A/C #00123",
        "clean_prediction": "Groceries",
        "noisy_prediction": "Groceries",
        "clean_conf": 0.2948775100008674,
        "noisy_conf": 0.28310393074842377,
        "confidence_drop": 0.011773579252443656,
        "same_class": true
      },
      {
        "original": "MAKEMYTRIP BOOKING",
        "noisy": "MAKEMYTRIP BOOKNIG",
        "clean_prediction": "Travel",
        "noisy_prediction": "Travel",
        "clean_conf": 0.6500571714610576,
        "noisy_conf": 0.4299661219814062,
        "confidence_drop": 0.22009104947965136,
        "same_class": true
      },
      {
        "original": "Electricity Bill Due",
        "noisy": "Electrciity Bill Due",
        "clean_prediction": "Bills",
        "noisy_prediction": "Bills",
        "clean_conf": 0.5159304281489917,
        "noisy_conf": 0.39394112010470184,
        "confidence_drop": 0.12198930804428987,
        "same_class": true
      },
      {
        "original": "Shell Fuel Loyalty Pts",
        "noisy": "$$ Shell Fuel Loyalty Pts",
        "clean_prediction": "Fuel",
        "noisy_prediction": "Fuel",
        "clean_conf": 0.6383425224282449,
        "noisy_conf": 0.7498636139181145,
        "confidence_drop": -0.11152109148986966,
        "same_class": true
      },
      {
        "original": "*ORDER # ACT BROADBAND",
        "noisy": "*ORDE R# ACT BROADBAND",
        "clean_prediction": "Bills",
        "noisy_prediction": "Bills",
        "clean_conf": 0.562235518778885,
        "noisy_conf": 0.6691752481120338,
        "confidence_drop": -0.10693972933314877,
        "same_class": true
      },
      {
        "original": "SPENCERS RETAIL @OKICICI",
        "noisy": "SPENCERS   RETAIL   @OKICICI",
        "clean_prediction": "Groceries",
        "noisy_prediction": "Groceries",
        "clean_conf": 0.4197389095736357,
        "noisy_conf": 0.4197389095736357,
        "confidence_drop": 0.0,
        "same_class": true
      },
      {
        "original": "Rental Car Booking",
        "noisy": "Rental Car Booking!!!",
        "clean_prediction": "Travel",
        "noisy_prediction": "Travel",
        "clean_conf": 0.3028359921961451,
        "noisy_conf": 0.3028359921961451,
        "confidence_drop": 0.0,
        "same_class": true
      },
      {
        "original": "REF  SHELL GAS STATION - BLR",
        "noisy": "$$ REF  SHELL GAS STATION - BLR",
        "clean_prediction": "Fuel",
        "noisy_prediction": "Fuel",
        "clean_conf": 0.45387181699979345,
        "noisy_conf": 0.45387181699979345,
        "confidence_drop": 0.0,
        "same_class": true
      },
      {
        "original": "HPCL Petrol Station payment Rs. 1500.00 Ref 7462",
        "noisy": "$$ HPCL Petrol Station payment Rs. 1500.00 Ref 7462",
        "clean_prediction": "Fuel",
        "noisy_prediction": "Fuel",
        "clean_conf": 0.6808966778227488,
        "noisy_conf": 0.6781126988068994,
        "confidence_drop": 0.0027839790158493694,
        "same_class": true
      },
      {
        "original": "PAYMENT REDBUS PAYMENT 450.00",
        "noisy": "PAYMENT REDBUS APYMENT 450.00",
        "clean_prediction": "Travel",
        "noisy_prediction": "Travel",
        "clean_conf": 0.5275193684819419,
        "noisy_conf": 0.5275193684819419,
        "confidence_drop": 0.0,
        "same_class": true
      },
      {
        "original": "UBER RIDE",
        "noisy": "$$ UBER RIDE",
        "clean_prediction": "Travel",
        "noisy_prediction": "Travel",
        "clean_conf": 0.4506335135114165,
        "noisy_conf": 0.4506335135114165,
        "confidence_drop": 0.0,
        "same_class": true
      },
      {
        "original": "FLIPKART ORDER",
        "noisy": "FLIPKART   ORDER",
        "clean_prediction": "Shopping",
        "noisy_prediction": "Shopping",
        "clean_conf": 0.6562823463110812,
        "noisy_conf": 0.6562823463110812,
        "confidence_drop": 0.0,
        "same_class": true
      },
      {
        "original": "EB Bill Payment - BESCOM A/C 9876543210",
        "noisy": "Eb bill paYmeNT - bEsCOm A/C 9876543210",
        "clean_prediction": "Bills",
        "noisy_prediction": "Bills",
        "clean_conf": 0.4233918838579767,
        "noisy_conf": 0.4233918838579767,