{
    "timestamp": "2025-11-15T18:52:12.070903",
    "macro_f1": 0.9959002618180914,
    "classification_report": {
        "Bills": {
            "precision": 1.0,
            "recall": 1.0,
            "f1-score": 1.0,
            "support": 60.0
        },
        "Dining": {
            "precision": 0.9841269841269841,
            "recall": 1.0,
            "f1-score": 0.992,
            "support": 62.0
        },
        "Entertainment": {
            "precision": 1.0,
            "recall": 1.0,
            "f1-score": 1.0,
            "support": 58.0
        },
        "Fuel": {
            "precision": 1.0,
            "recall": 1.0,
            "f1-score": 1.0,
            "support": 57.0
        },
        "Groceries": {
            "precision": 1.0,
            "recall": 0.9836065573770492,
            "f1-score": 0.9917355371900827,
            "support": 61.0
        },
        "Insurance": {
            "precision": 1.0,
            "recall": 1.0,
            "f1-score": 1.0,
            "support": 2.0
        },
        "Shopping": {
            "precision": 0.9838709677419355,
            "recall": 1.0,
            "f1-score": 0.991869918699187,
            "support": 61.0
        },
        "Travel": {
            "precision": 1.0,
            "recall": 0.9833333333333333,
            "f1-score": 0.9915966386554622,
            "support": 60.0
        },
        "accuracy": 0.995249406175772,
        "macro avg": {
            "precision": 0.995999743983615,
            "recall": 0.9958674863387978,
            "f1-score": 0.9959002618180914,
            "support": 421.0
        },
        "weighted avg": {
            "precision": 0.995325420541879,
            "recall": 0.995249406175772,
            "f1-score": 0.9952487675263021,
            "support": 421.0
        }
    },
    "confusion_matrix": [
        [
            60,
            0,
            0,
            0,
            0,
            0,
            0,
            0
        ],
        [
            0,
            62,
            0,
            0,
            0,
            0,
            0,
            0
        ],
        [
            0,
            0,
            58,
            0,
            0,
            0,
            0,
            0
        ],
        [
            0,
            0,
            0,
            57,
            0,
            0,
            0,
            0
        ],
        [
            0,
            0,
            0,
            0,
            60,
            0,
            1,
            0
        ],
        [
            0,
            0,
            0,
            0,
            0,
            2,
            0,
            0
        ],
        [
            0,
            0,
            0,
            0,
            0,
            0,
            61,
            0
        ],
        [
            0,
            1,
            0,
            0,
            0,
            0,
            0,
            59
        ]
    ]
}