{
    "timestamp": "2025-11-22T17:46:24.512484",
    "macro_f1": 0.992367953617787,
    "classification_report": {
        "Bills": {
            "precision": 0.9887640449438202,
            "recall": 1.0,
            "f1-score": 0.9943502824858758,
            "support": 88.0
        },
        "Dining": {
            "precision": 1.0,
            "recall": 1.0,
            "f1-score": 1.0,
            "support": 96.0
        },
        "Entertainment": {
            "precision": 1.0,
            "recall": 0.9807692307692307,
            "f1-score": 0.9902912621359223,
            "support": 104.0
        },
        "Fuel": {
            "precision": 0.9878048780487805,
            "recall": 1.0,
            "f1-score": 0.9938650306748467,
            "support": 81.0
        },
        "Groceries": {
            "precision": 1.0,
            "recall": 0.9795918367346939,
            "f1-score": 0.9896907216494846,
            "support": 98.0
        },
        "Shopping": {
            "precision": 0.9680851063829787,
            "recall": 1.0,
            "f1-score": 0.9837837837837838,
            "support": 91.0
        },
        "Travel": {
            "precision": 1.0,
            "recall": 0.989247311827957,
            "f1-score": 0.9945945945945946,
            "support": 93.0
        },
        "accuracy": 0.9923195084485407,
        "macro avg": {
            "precision": 0.9920934327679399,
            "recall": 0.9928011970474117,
            "f1-score": 0.992367953617787,
            "support": 651.0
        },
        "weighted avg": {
            "precision": 0.9925025741288148,
            "recall": 0.9923195084485407,
            "f1-score": 0.9923310229628673,
            "support": 651.0
        }
    },
    "confusion_matrix": [
        [
            88,
            0,
            0,
            0,
            0,
            0,
            0
        ],
        [
            0,
            96,
            0,
            0,
            0,
            0,
            0
        ],
        [
            1,
            0,
            102,
            0,
            0,
            1,
            0
        ],
        [
            0,
            0,
            0,
            81,
            0,
            0,
            0
        ],
        [
            0,
            0,
            0,
            0,
            96,
            2,
            0
        ],
        [
            0,
            0,
            0,
            0,
            0,
            91,
            0
        ],
        [
            0,
            0,
            0,
            1,
            0,
            0,
            92
        ]
    ]
}