{
    "classification_report": {
        "Bills": {
            "precision": 0.9387755102040817,
            "recall": 1.0,
            "f1-score": 0.968421052631579,
            "support": 46.0
        },
        "Dining": {
            "precision": 0.9215686274509803,
            "recall": 0.9038461538461539,
            "f1-score": 0.912621359223301,
            "support": 52.0
        },
        "Entertainment": {
            "precision": 1.0,
            "recall": 0.85,
            "f1-score": 0.918918918918919,
            "support": 60.0
        },
        "Fuel": {
            "precision": 1.0,
            "recall": 0.8292682926829268,
            "f1-score": 0.9066666666666666,
            "support": 41.0
        },
        "Groceries": {
            "precision": 0.864406779661017,
            "recall": 0.9807692307692307,
            "f1-score": 0.918918918918919,
            "support": 52.0
        },
        "Shopping": {
            "precision": 0.8852459016393442,
            "recall": 0.9818181818181818,
            "f1-score": 0.9310344827586207,
            "support": 55.0
        },
        "Travel": {
            "precision": 0.9361702127659575,
            "recall": 0.9565217391304348,
            "f1-score": 0.946236559139785,
            "support": 46.0
        },
        "accuracy": 0.9289772727272727,
        "macro avg": {
            "precision": 0.9351667188173401,
            "recall": 0.9288890854638467,
            "f1-score": 0.9289739940368272,
            "support": 352.0
        },
        "weighted avg": {
            "precision": 0.9341100824335501,
            "recall": 0.9289772727272727,
            "f1-score": 0.928493493253042,
            "support": 352.0
        }
    },
    "classes": [
        "Bills",
        "Dining",
        "Entertainment",
        "Fuel",
        "Groceries",
        "Shopping",
        "Travel"
    ]
}