{
    "avg_latency_ms": 0.12001514434814453,
    "throughput_predictions_per_sec": 8376.804321183787,
    "batch_inference_time_ms": 1.0957717895507812,
    "num_samples": 352
}