{
    "avg_latency_ms": 0.12278556823730469,
    "throughput_predictions_per_sec": 8191.870969774292,
    "batch_inference_time_ms": 0.518798828125,
    "num_samples": 124
}